Symbol,Security
^RUT,Russell 2000 Index
SMCI,SUPER MICRO COMPUTER INC
SSD,SIMPSON MANUFACTURING INC
CHX,CHAMPIONX CORP
GTLS,CHART INDUSTRIES INC
RMBS,RAMBUS INC
CMC,COMMERCIAL METALS
CHRD,CHORD ENERGY CORP
LNW,LIGHT WONDER INC
SPSC,SPS COMMERCE INC
NOVT,NOVANTA INC
MUR,MURPHY OIL CORP
SIGI,SELECTIVE INSURANCE GROUP INC
ATKR,ATKORE INC
UFPI,UFP INDUSTRIES INC
MTDR,MATADOR RESOURCES
ATI,ATI INC
ACLS,AXCELIS TECHNOLOGIES INC
APG,API GROUP CORP
FIX,COMFORT SYSTEMS USA INC
SSB,SOUTHSTATE CORP
LNTH,LANTHEUS HOLDINGS INC
HALO,HALOZYME THERAPEUTICS INC
ITCI,INTRA CELLULAR THERAPIES INC
OPCH,OPTION CARE HEALTH INC
ONTO,ONTO INNOVATION INC
WFRD,WEATHERFORD INTERNATIONAL PLC
ELF,ELF BEAUTY INC
NE,NOBLE CORPORATION PLC
AIT,APPLIED INDUSTRIAL TECHNOLOGIES IN
TENB,TENABLE HOLDINGS INC
PBF,PBF ENERGY INC CLASS A
RHP,RYMAN HOSPITALITY PROPERTIES REIT
HQY,HEALTHEQUITY INC
POWI,POWER INTEGRATIONS INC
ESNT,ESSENT GROUP LTD
ONB,OLD NATIONAL BANCORP
QLYS,QUALYS INC
MMS,MAXIMUS INC
WK,WORKIVA INC CLASS A
MTH,MERITAGE CORP
WTS,WATTS WATER TECHNOLOGIES INC CLASS
ALKS,ALKERMES
KRG,KITE REALTY GROUP TRUST REIT
TMHC,TAYLOR MORRISON HOME CORP
CIVI,CIVITAS RESOURCES INC
ENSG,ENSIGN GROUP INC
TRNO,TERRENO REALTY REIT CORP
NEOG,NEOGEN CORP
ABG,ASBURY AUTOMOTIVE GROUP INC
EXPO,EXPONENT INC
BMI,BADGER METER INC
MSTR,MICROSTRATEGY INC CLASS A
BRBR,BELLRING BRANDS INC
EXLS,EXLSERVICE HOLDINGS INC
HAE,HAEMONETICS CORP
FN,FABRINET
FOXF,FOX FACTORY HOLDING CORP
POR,PORTLAND GENERAL ELECTRIC
HOMB,HOME BANCSHARES INC
TRTN,TRITON INTERNATIONAL LTD
CWST,CASELLA WASTE SYSTEMS INC CLASS A
AJRD,AEROJET ROCKETDYNE HOLDINGS INC
SLAB,SILICON LABORATORIES INC
VAL,VALARIS LTD
BIPC,BROOKFIELD INFRASTRUCTURE CORP CLA
AEIS,ADVANCED ENERGY INDUSTRIES INC
HP,HELMERICH & PAYNE INC
GATX,GATX CORP
AAON,AAON INC
SHLS,SHOALS TECHNOLOGIES GROUP INC CLAS
MLI,MUELLER INDUSTRIES INC
IMGN,IMMUNOGEN INC
LTHM,LIVENT CORP
FELE,FRANKLIN ELECTRIC INC
GT,GOODYEAR TIRE & RUBBER
VLY,VALLEY NATIONAL
ETRN,EQUITRANS MIDSTREAM CORP
NSP,INSPERITY INC
ZWS,ZURN ELKAY WATER SOLUTIONS CORP
ENS,ENERSYS
OGS,ONE GAS INC
NJR,NEW JERSEY RESOURCES CORP
ORA,ORMAT TECH INC
BOX,BOX INC CLASS A
UBSI,UNITED BANKSHARES INC
DEN,DENBURY INC
FLR,FLUOR CORP
SUM,SUMMIT MATERIALS INC CLASS A
ASO,ACADEMY SPORTS AND OUTDOORS INC
VC,VISTEON CORP
UPST,UPSTART HOLDINGS INC
PCVX,VAXCYTE INC
FFIN,FIRST FINANCIAL BANKSHARES INC
AMN,AMN HEALTHCARE INC
NSIT,INSIGHT ENTERPRISES INC
PCH,POTLATCHDELTIC CORP
SM,SM ENERGY
AEL,AMERICAN EQUITY INVESTMENT LIFE HO
DUOL,DUOLINGO INC CLASS A
GH,GUARDANT HEALTH INC
DIOD,DIODES INC
MMSI,MERIT MEDICAL SYSTEMS INC
BDC,BELDEN INC
SWX,SOUTHWEST GAS HOLDINGS INC
PECO,PHILLIPS EDISON AND COMPANY INC
SFM,SPROUTS FARMERS MARKET INC
BCPC,BALCHEM CORP
BECN,BEACON ROOFING SUPPLY INC
ADNT,ADIENT PLC
BKH,BLACK HILLS CORP
CADE,CADENCE BANK
FUL,HB FULLER
ALTR,ALTAIR ENGINEERING INC CLASS A
KBH,KB HOME
COOP,MR COOPER GROUP INC
BCC,BOISE CASCADE
BXMT,BLACKSTONE MORTGAGE TRUST REIT CLA
RDN,RADIAN GROUP INC
MGY,MAGNOLIA OIL GAS CORP CLASS A
CBT,CABOT CORP
PNM,PNM RESOURCES INC
STNE,STONECO LTD CLASS A
ALIT,ALIGHT INC CLASS A
IRT,INDEPENDENCE REALTY INC TRUST
TEX,TEREX CORP
TNET,TRINET GROUP INCINARY
ASGN,ASGN INC
JBT,JOHN BEAN TECHNOLOGIES CORP
LANC,LANCASTER COLONY CORP
EPRT,ESSENTIAL PROPERTIES REALTY TRUST
HWC,HANCOCK WHITNEY CORP
TGNA,TEGNA INC
FSS,FEDERAL SIGNAL CORP
FOLD,AMICUS THERAPEUTICS INC
CRC,CALIFORNIA RESOURCES CORP
MTSI,MACOM TECHNOLOGY SOLUTIONS INC
HGV,HILTON GRAND VACATIONS INC
BBIO,BRIDGEBIO PHARMA INC
SPXC,SPX TECHNOLOGIES INC
HRI,HERC HOLDINGS INC
ARWR,ARROWHEAD PHARMACEUTICALS INC
GKOS,GLAUKOS CORP
GBCI,GLACIER BANCORP INC
FCFS,FIRSTCASH HOLDINGS INC
CNMD,CONMED CORP
BPMC,BLUEPRINT MEDICINES CORP
IGT,INTERNATIONAL GAME TECHNOLOGY PLC
ACA,ARCOSA INC
AVNT,AVIENT CORP
VSH,VISHAY INTERTECHNOLOGY INC
NTLA,INTELLIA THERAPEUTICS INC
OI,O I GLASS INC
SKY,SKYLINE CHAMPION CORP
DOC,PHYSICIANS REALTY TRUST REIT
HI,HILLENBRAND INC
GPI,GROUP AUTOMOTIVE INC
ACAD,ACADIA PHARMACEUTICALS INC
IBP,INSTALLED BUILDING PRODUCTS INC
SYNA,SYNAPTICS INC
NWE,NORTHWESTERN CORP
CVLT,COMMVAULT SYSTEMS INC
ITRI,ITRON INC
SANM,SANMINA CORP
EXTR,EXTREME NETWORKS INC
SIG,SIGNET JEWELERS LTD
INMD,INMODE LTD
OTTR,OTTER TAIL CORP
APPF,APPFOLIO INC CLASS A
SMPL,THE SIMPLY GOOD FOODS COMPANY
LCII,LCI INDUSTRIES
ZD,ZIFF DAVIS INC
HL,HECLA MINING
BE,BLOOM ENERGY CLASS A CORP
PACB,PACIFIC BIOSCIENCES OF CALIFORNIA
ALE,ALLETE INC
HELE,HELEN OF TROY LTD
APLE,APPLE HOSPITALITY REIT INC
BCO,BRINKS
SR,SPIRE INC
DNLI,DENALI THERAPEUTICS INC
EVH,EVOLENT HEALTH INC CLASS A
UCBI,UNITED COMMUNITY BANKS INC
MC,MOELIS CLASS A
MATX,MATSON INC
PTEN,PATTERSON UTI ENERGY INC
BLKB,BLACKBAUD INC
KLIC,KULICKE AND SOFFA INDUSTRIES INC
AWR,AMERICAN STATES WATER
PBH,PRESTIGE CONSUMER HEALTHCARE INC
HLNE,HAMILTON LANE INC CLASS A
FTAI,FTAI AVIATION LTD
TWNK,HOSTESS BRANDS INC CLASS A
WHD,CACTUS INC CLASS A
SEM,SELECT MEDICAL HOLDINGS CORP
UMBF,UMB FINANCIAL CORP
BNL,BROADSTONE NET LEASE INC
MOG-A,MOOG INC CLASS A
BL,BLACKLINE INC
ENV,ENVESTNET INC
KOS,KOSMOS ENERGY LTD
LIVN,LIVANOVA PLC
ITGR,INTEGER HOLDINGS CORP
RETA,REATA PHARMACEUTICALS INC CLASS A
IRTC,IRHYTHM TECHNOLOGIES INC
TCBI,TEXAS CAPITAL BANCSHARES INC
WDFC,WD-40
ESGR,ENSTAR GROUP LTD
FLYW,FLYWIRE CORP
CNX,CNX RESOURCES CORP
FWRD,FORWARD AIR CORP
PGNY,PROGYNY INC
COKE,COCA COLA CONSOLIDATED INC
SBRA,SABRA HEALTH CARE REIT INC
FOCS,FOCUS FINANCIAL PARTNERS INC CLASS
VRNS,VARONIS SYSTEMS INC
GMS,GMS INC
LXP,LXP INDUSTRIAL TRUST
CYTK,CYTOKINETICS INC
NARI,INARI MEDICAL INC
SFBS,SERVISFIRST BANCSHARES INC
CNO,CNO FINANCIAL GROUP INC
ABM,ABM INDUSTRIES INC
AMKR,AMKOR TECHNOLOGY INC
MGEE,MGE ENERGY INC
PZZA,PAPA JOHNS INTERNATIONAL INC
TPH,TRI POINTE HOMES INC
DOCN,DIGITALOCEAN HOLDINGS INC
ARNC,ARCONIC CORP
OFC,CORPORATE OFFICE PROPERTIES TRUST
NOG,NORTHERN OIL AND GAS INC
ASB,ASSOCIATED BANCORP
AIN,ALBANY INTERNATIONAL CORP CLASS A
WD,WALKER & DUNLOP INC
AMBA,AMBARELLA INC
SHAK,SHAKE SHACK INC CLASS A
YELP,YELP INC
MDC,MDC HOLDINGS INC
ROG,ROGERS CORP
WERN,WERNER ENTERPRISES INC
ARCB,ARCBEST CORP
DY,DYCOM INDUSTRIES INC
NPO,ENPRO INDUSTRIES INC
ARRY,ARRAY TECHNOLOGIES INC
PDCO,PATTERSON COMPANIES INC
CWT,CALIFORNIA WATER SERVICE GROUP
CRS,CARPENTER TECHNOLOGY CORP
TMDX,TRANSMEDICS GROUP INC
FTDR,FRONTDOOR INC
HUBG,HUB GROUP INC CLASS A
BOOT,BOOT BARN HOLDINGS INC
RIOT,RIOT PLATFORMS INC
ABCB,AMERIS BANCORP
VRRM,VERRA MOBILITY CORP CLASS A
FRSH,FRESHWORKS INC CLASS A
AVA,AVISTA CORP
PR,PERMIAN RESOURCES CORP CLASS A
CATY,CATHAY GENERAL BANCORP
MODG,TOPGOLF CALLAWAY BRANDS CORP
TDW,TIDEWATER INC
LGIH,LGI HOMES INC
OMCL,OMNICELL INC
IPAR,INTER PARFUMS INC
SITC,SITE CENTERS CORP
KWR,QUAKER CHEMICAL CORP
PTCT,PTC THERAPEUTICS INC
KFY,KORN FERRY
WIRE,ENCORE WIRE CORP
CSWI,CSW INDUSTRIALS INC
LBRT,LIBERTY ENERGY INC CLASS A
PLXS,PLEXUS CORP
HASI,HANNON ARMSTRONG SUSTAINABLE INFRA
MAC,MACERICH REIT
RPD,RAPID7 INC
SXT,SENSIENT TECHNOLOGIES CORP
MDGL,MADRIGAL PHARMACEUTICALS INC
TGTX,TG THERAPEUTICS INC
FORM,FORMFACTOR INC
REZI,RESIDEO TECHNOLOGIES INC
INSM,INSMED INC
BTU,PEABODY ENERGY CORP
MHO,M I HOMES INC
MARA,MARATHON DIGITAL HOLDINGS INC
CALX,CALIX NETWORKS INC
ABR,ARBOR REALTY TRUST REIT INC
AX,AXOS FINANCIAL INC
CCOI,COGENT COMMUNICATIONS HOLDINGS INC
THS,TREEHOUSE FOODS INC
STAA,STAAR SURGICAL
PRTA,PROTHENA PLC
JXN,JACKSON FINANCIAL INC CLASS A
IOSP,INNOSPEC INC
IBOC,INTERNATIONAL BANCSHARES CORP
RUSHA,RUSH ENTERPRISES INC CLASS A
SPT,SPROUT SOCIAL INC CLASS A
KRYS,KRYSTAL BIOTECH INC
EVTC,EVERTEC INC
ALRM,ALARM.COM HOLDINGS INC
AXNX,AXONICS INC
PIPR,PIPER SANDLER COMPANIES
SDGR,SCHRODINGER INC
MQ,MARQETA INC CLASS A
APAM,ARTISAN PARTNERS ASSET MANAGEMENT
CBU,COMMUNITY BANK SYSTEM INC
ESE,ESCO TECHNOLOGIES INC
ATRC,ATRICURE INC
RVMD,REVOLUTION MEDICINES INC
ENVX,ENOVIX CORP
AXSM,AXSOME THERAPEUTICS INC
JBLU,JETBLUE AIRWAYS CORP
SGRY,SURGERY PARTNERS INC
INDB,INDEPENDENT BANK CORP
PRGS,PROGRESS SOFTWARE CORP
CBZ,CBIZ INC
ENR,ENERGIZER HOLDINGS INC
CVCO,CAVCO INDUSTRIES INC
RXO,RXO INC
GNW,GENWORTH FINANCIAL A INC
KAI,KADANT INC
IONQ,IONQ INC
SHOO,STEVEN MADDEN LTD
AEO,AMERICAN EAGLE OUTFITTERS INC
DAN,DANA INCORPORATED INC
ACIW,ACI WORLDWIDE INC
IDCC,INTERDIGITAL INC
MWA,MUELLER WATER PRODUCTS INC SERIES
FULT,FULTON FINANCIAL CORP
WSFS,WSFS FINANCIAL CORP
FIBK,FIRST INTERSTATE BANCSYSTEM INC
BLMN,BLOOMIN BRANDS INC
VIAV,VIAVI SOLUTIONS INC
CEIX,CONSOL ENERGY INC
CSTM,CONSTELLIUM SE CLASS A
NGVT,INGEVITY CORP
GLNG,GOLAR LNG LTD
KMT,KENNAMETAL INC
MTRN,MATERION CORP
SKT,TANGER FACTORY OUTLET CENTERS REIT
JJSF,J AND J SNACK FOODS CORP
RRR,RED ROCK RESORTS ORS CLASS A INC
DBRG,DIGITALBRIDGE GROUP INC CLASS A
MYRG,MYR GROUP INC
CVBF,CVB FINANCIAL CORP
AVAV,AEROVIRONMENT INC
NHI,NATIONAL HEALTH INVESTORS REIT INC
FCPT,FOUR CORNERS PROPERTY INC TRUST
FBP,FIRST BANCORP
VRNT,VERINT SYSTEMS INC
UNF,UNIFIRST CORP
OPEN,OPENDOOR TECHNOLOGIES INC
CVNA,CARVANA CLASS A
PRFT,PERFICIENT INC
KTB,KONTOOR BRANDS INC
AMPH,AMPHASTAR PHARMACEUTICALS INC
SDRL,SEADRILL LTD
DOOR,MASONITE INTERNATIONAL CORP
WOR,WORTHINGTON INDUSTRIES INC
OUT,OUTFRONT MEDIA INC
NEX,NEXTIER OILFIELD SOLUTIONS INC
STNG,SCORPIO TANKERS INC
KDNY,CHINOOK THERAPEUTICS INC
JOE,ST JOE
AI,C3 AI INC CLASS A
URBN,URBAN OUTFITTERS INC
KNF,KNIFE RIVER CORP
ARCH,ARCH RESOURCES INC CLASS A
NMIH,NMI HOLDINGS INC CLASS A
EBC,EASTERN BANKSHARES INC
CCS,CENTURY COMMUNITIES INC
MGRC,MCGRATH RENT
PRMW,PRIMO WATER CORP
BANF,BANCFIRST CORP
ICFI,ICF INTERNATIONAL INC
NUVA,NUVASIVE INC
HCC,WARRIOR MET COAL INC
STR,SITIO ROYALTIES CORP CLASS A
SFNC,SIMMONS FIRST NATIONAL CORP CLASS
SJW,SJW GROUP
DORM,DORMAN PRODUCTS INC
AMR,ALPHA METALLURGICAL RESOURCE INC
JOBY,JOBY AVIATION INC CLASS A
SONO,SONOS INC
PPBI,PACFIC PREMIER BANCORP INC
AUB,ATLANTIC UNION BANKSHARES CORP
CTRE,CARETRUST REIT INC
CARG,CARGURUS INC CLASS A
CPE,CALLON PETROLEUM
OII,OCEANEERING INTERNATIONAL INC
SEAS,SEAWORLD ENTERTAINMENT INC
VICR,VICOR CORP
PD,PAGERDUTY INC
IIPR,INNOVATIVE INDUSTRIAL PROPERTIES I
GHC,GRAHAM HOLDINGS COMPANY CLASS B
NEO,NEOGENOMICS INC
PFSI,PENNYMAC FINANCIAL SERVICES INC
TRN,TRINITY INDUSTRIES INC
CBRL,CRACKER BARREL OLD COUNTRY STORE I
TBBK,BANCORP INC
CPK,CHESAPEAKE UTILITIES CORP
SITM,SITIME CORP
FFBC,FIRST FINANCIAL BANCORP
FL,FOOT LOCKER INC
B,BARNES GROUP INC
EQC,EQUITY COMMONWEALTH REIT
ACVA,ACV AUCTIONS INC CLASS A
SBCF,SEACOAST BANKING OF FLORIDA
SHO,SUNSTONE HOTEL INVESTORS REIT INC
KW,KENNEDY WILSON HOLDINGS INC
BEAM,BEAM THERAPEUTICS INC
AIR,AAR CORP
UE,URBAN EDGE PROPERTIES
HLIO,HELIOS TECHNOLOGIES INC
WGO,WINNEBAGO INDUSTRIES INC
PAGS,PAGSEGURO DIGITAL LTD CLASS A
JACK,JACK IN THE BOX INC
PSMT,PRICESMART INC
BKU,BANKUNITED INC
FSLY,FASTLY INC CLASS A
FRME,FIRST MERCHANTS CORP
CORT,CORCEPT THERAPEUTICS INC
EPC,EDGEWELL PERSONAL CARE
PSN,PARSONS CORP
QTWO,Q2 HOLDINGS INC
SAVE,SPIRIT AIRLINES INC
VCYT,VERACYTE INC
SCL,STEPAN
YOU,CLEAR SECURE INC CLASS A
ALGT,ALLEGIANT TRAVEL
ROCK,GIBRALTAR INDUSTRIES INC
APPN,APPIAN CORP CLASS A
ROIC,RETAIL OPPORTUNITY INVESTMENTS REI
PLAY,DAVE AND BUSTERS ENTERTAINMENT INC
ALG,ALAMO GROUP INC
ATGE,ADTALEM GLOBAL EDUCATION INC
NTCT,NETSCOUT SYSTEMS INC
COHU,COHU INC
NXT,NEXTRACKER INC CLASS A
XPRO,EXPRO GROUP HOLDINGS NV
PRG,PROG HOLDINGS INC
SKYW,SKYWEST INC
PJT,PJT PARTNERS INC CLASS A
MTX,MINERALS TECHNOLOGIES INC
ANF,ABERCROMBIE AND FITCH CLASS A
XRX,XEROX HOLDINGS CORP
MGNI,MAGNITE INC
SAGE,SAGE THERAPEUTICS INC
BORR,BORR DRILLING LTD
UPBD,UPBOUND GROUP INC
VGR,VECTOR GROUP LTD
OSIS,OSI SYSTEMS INC
RKLB,ROCKET LAB USA INC
THRM,GENTHERM INC
CERE,CEREVEL THERAPEUTICS HOLDINGS INC
DK,DELEK US HOLDINGS INC
GVA,GRANITE CONSTRUCTION INC
WAFD,WASHINGTON FEDERAL INC
AKRO,AKERO THERAPEUTICS INC
GFF,GRIFFON CORP
TOWN,TOWNEBANK
RVNC,REVANCE THERAPEUTICS INC
AMRC,AMERESCO INC CLASS A
NOVA,SUNNOVA ENERGY INTERNATIONAL INC
LAZR,LUMINAR TECHNOLOGIES INC CLASS A
BMBL,BUMBLE INC CLASS A
KTOS,KRATOS DEFENSE AND SECURITY SOLUTI
DVAX,DYNAVAX TECHNOLOGIES CORP
RC,READY CAPITAL CORP
GEF,GREIF INC CLASS A
MOD,MODINE MANUFACTURING
PATK,PATRICK INDUSTRIES INC
DICE,DICE THERAPEUTICS INC
HBI,HANESBRANDS INC
JBGS,JBG SMITH PROPERTIES
AVDX,AVIDXCHANGE HOLDINGS INC
VRTV,VERITIV CORP
MGPI,MGP INGREDIENTS INC
VCEL,VERICEL CORP
CAKE,CHEESECAKE FACTORY INC
GOLF,ACUSHNET HOLDINGS CORP
CRVL,CORVEL CORP
STRL,STERLING INFRASTRUCTURE INC
PRVA,PRIVIA HEALTH GROUP INC
PARR,PAR PACIFIC HOLDINGS INC
SMTC,SEMTECH CORP
TGH,TEXTAINER GROUP HOLDINGS LTD
ASAN,ASANA INC CLASS A
NAVI,NAVIENT CORP
CNK,CINEMARK HOLDINGS INC
RXRX,RECURSION PHARMACEUTICALS INC CLAS
CNS,COHEN & STEERS INC
MYGN,MYRIAD GENETICS INC
RAMP,LIVERAMP HOLDINGS INC
XPEL,XPEL INC
LUMN,LUMEN TECHNOLOGIES INC
VSTO,VISTA OUTDOOR INC
BOH,BANK OF HAWAII CORP
PEB,PEBBLEBROOK HOTEL TRUST REIT
ODP,ODP CORP
SLVM,SYLVAMO CORP
EAT,BRINKER INTERNATIONAL INC
TALO,TALOS ENERGY INC
DRH,DIAMONDROCK HOSPITALITY REIT
COUR,COURSERA INC
SXI,STANDEX INTERNATIONAL CORP
SIX,SIX FLAGS ENTERTAINMENT CORP
CALM,CAL MAINE FOODS INC
ENVA,ENOVA INTERNATIONAL INC
KAR,OPENLANE INC
MXL,MAXLINEAR INC
TROX,TRONOX HOLDINGS PLC
PRIM,PRIMORIS SERVICES CORP
VTYX,VENTYX BIOSCIENCES INC
IVT,INVENTRUST PROPERTIES CORP
HLMN,HILLMAN SOLUTIONS CORP
SWTX,SPRINGWORKS THERAPEUTICS INC
ERII,ENERGY RECOVERY INC
STRA,STRATEGIC EDUCATION INC
NTB,BANK OF NT BUTTERFIELD & SON LTD
CRDO,CREDO TECHNOLOGY GROUP HOLDING LTD
PRO,PROS HOLDINGS INC
CSGS,CSG SYSTEMS INTERNATIONAL INC
HLIT,HARMONIC INC
PCRX,PACIRA BIOSCIENCES INC
SNEX,STONEX GROUP INC
LAUR,LAUREATE EDUCATION INC
RDNT,RADNET INC
PGTI,PGT INNOVATIONS INC
ARI,APOLLO COMMERCIAL REAL ESTATE FINA
BATRK,ATLANTA BRAVES HOLDINGS INC SERIES
MORF,MORPHIC HOLDING INC
EFSC,ENTERPRISE FINANCIAL SERVICES CORP
WSBC,WESBANCO INC
KN,KNOWLES CORP
HLF,HERBALIFE NUTRITION LTD
UCTT,ULTRA CLEAN HOLDINGS INC
RLJ,RLJ LODGING TRUST REIT
OSTK,OVERSTOCK COM INC
INSW,INTERNATIONAL SEAWAYS INC
LRN,STRIDE INC
RNST,RENASANT CORP
PI,IMPINJ INC
EXPI,EXP WORLD HOLDINGS INC
DO,DIAMOND OFFSHORE DRILLING INC
MBC,MASTERBRAND INC
NWN,NORTHWEST NATURAL HOLDING COMPANY
ANDE,ANDERSONS INC
CLDX,CELLDEX THERAPEUTICS INC
OXM,OXFORD INDUSTRIES INC
IBTX,INDEPENDENT BANK GROUP INC
TFIN,TRIUMPH FINANCIAL INC
USPH,US PHYSICAL THERAPY INC
RELY,REMITLY GLOBAL INC
PLUS,EPLUS
PLAB,PHOTRONICS INC
PRK,PARK NATIONAL CORP
STEP,STEPSTONE GROUP INC CLASS A
AROC,ARCHROCK INC
PHR,PHREESIA INC
HURN,HURON CONSULTING GROUP INC
LTC,LTC PROPERTIES REIT INC
LZ,LEGALZOOM COM INC
EPAC,ENERPAC TOOL GROUP CORP CLASS A
TRMK,TRUSTMARK CORP
CENTA,CENTRAL GARDEN AND PET CLASS A
JELD,JELD WEN HOLDING INC
CIM,CHIMERA INVESTMENT CORP
BRZE,BRAZE INC CLASS A
AUPH,AURINIA PHARMACEUTICALS INC
SG,SWEETGREEN INC CLASS A
EYE,NATIONAL VISION HOLDINGS INC
MSGE,MADISON SQUARE GARDEN ENTERTAINMEN
GERN,GERON CORP
BGC,BGC GROUP INC CLASS A
NBTB,NBT BANCORP INC
GSHD,GOOSEHEAD INSURANCE INC CLASS A
CARS,CARS.COM INC
JAMF,JAMF HOLDING CORP
NVEE,NV5 GLOBAL INC
RDFN,REDFIN CORP
VRTS,VIRTUS INVESTMENT PARTNERS INC
BRP,BRP GROUP INC CLASS A
MLKN,MILLERKNOLL INC
PLMR,PALOMAR HOLDINGS INC
DGII,DIGI INTERNATIONAL INC
GTY,GETTY REALTY REIT CORP
MIR,MIRION TECHNOLOGIES INC CLASS A
AMEH,APOLLO MEDICAL HOLDINGS INC
NUS,NU SKIN ENTERPRISES INC CLASS A
IRWD,IRONWOOD PHARMA INC CLASS A
CNNE,CANNAE HOLDINGS INC
BCRX,BIOCRYST PHARMACEUTICALS INC
WKC,WORLD KINECT
IOVA,IOVANCE BIOTHERAPEUTICS INC
MATW,MATTHEWS INTERNATIONAL CORP CLASS
SUPN,SUPERNUS PHARMACEUTICALS INC
WLY,JOHN WILEY AND SONS INC CLASS A
CODI,COMPASS DIVERSIFIED
HTH,HILLTOP HOLDINGS INC
AGM,FEDERAL AGRICULTURAL MORTGAGE NON
VRE,VERIS RESIDENTIAL INC
OFG,OFG BANCORP
LNN,LINDSAY CORP
TWST,TWIST BIOSCIENCE CORP
TNC,TENNANT
MSEX,MIDDLESEX WATER
HTLF,HEARTLAND FINANCIAL USA INC
AKR,ACADIA REALTY TRUST REIT
DEA,EASTERLY GOVERNMENT PROPERTIES INC
MDRX,VERADIGM INC
AGYS,AGILYSYS INC
GRBK,GREEN BRICK PARTNERS INC
HEES,H AND E EQUIPMENT SERVICES INC
ELME,ELME
AGIO,AGIOS PHARMACEUTICALS INC
GBX,GREENBRIER INC
BANR,BANNER CORP
SQSP,SQUARESPACE INC CLASS A
TTMI,TTM TECHNOLOGIES INC
SNDX,SYNDAX PHARMACEUTICALS INC
CWK,CUSHMAN AND WAKEFIELD PLC
NNI,NELNET INC CLASS A
ADUS,ADDUS HOMECARE CORP
FBK,FB FINANCIAL CORP
SYBT,STOCK YARDS BANCORP INC
HNI,HNI CORP
FCF,FIRST COMMONWEALTH FINANCIAL CORP
UFPT,UFP TECHNOLOGIES INC
ALEX,ALEXANDER AND BALDWIN INC
NWBI,NORTHWEST BANCSHARES INC
PDFS,PDF SOLUTIONS INC
VECO,VEECO INSTRUMENTS INC
DNUT,KRISPY KREME INC
OMI,OWENS & MINOR INC
HLX,HELIX ENERGY SOLUTIONS GROUP INC
PAYO,PAYONEER GLOBAL INC
SVC,SERVICE PROPERTIES TRUST
XHR,XENIA HOTELS RESORTS REIT INC
CASH,PATHWARD FINANCIAL INC
XNCR,XENCOR INC
ATEC,ALPHATEC HOLDNGS INC
LKFN,LAKELAND FINANCIAL CORP
TWO,TWO HARBORS INVESTMENT CORP
LZB,LA-Z-BOY INC
CWH,CAMPING WORLD HOLDINGS INC CLASS A
CTS,CTS CORP
LOB,LIVE OAK BANCSHARES INC
STEL,STELLAR BANCORP INC
PWSC,POWERSCHOOL HOLDINGS INC CLASS A
SGH,SMART GLOBAL HOLDINGS
SBH,SALLY BEAUTY HOLDINGS INC
VKTX,VIKING THERAPEUTICS INC
ZUO,ZUORA INC CLASS A
CHCO,CITY HOLDING
CHEF,CHEFS WAREHOUSE INC
CMP,COMPASS MINERALS INTERNATIONAL INC
CPRX,CATALYST PHARMACEUTICALS INC
SLG,SL GREEN REALTY REIT CORP
PFS,PROVIDENT FINANCIAL SERVICES INC
UPWK,UPWORK INC
ZNTL,ZENTALIS PHARMACEUTICALS INC
PMT,PENNYMAC MORTGAGE INVESTMENT TRUST
DHT,DHT HOLDINGS INC
SABR,SABRE CORP
UNIT,UNITI GROUP INC
KALU,KAISER ALUMINIUM CORP
RADI,RADIUS GLOBAL INFRASTRUCTURE INC C
AMWD,AMERICAN WOODMARK CORP
FBNC,FIRST BANCORP
AIV,APARTMENT INVESTMENT AND MANAGEMEN
PRCT,PROCEPT BIOROBOTICS CORP
LADR,LADDER CAPITAL CORP CLASS A
MRTN,MARTEN TRANSPORT LTD
AEHR,AEHR TEST SYSTEMS
FIZZ,NATIONAL BEVERAGE CORP
WABC,WESTAMERICA BANCORPORATION
NKLA,NIKOLA CORP
SCHL,SCHOLASTIC CORP
ACLX,ARCELLX INC
ADEA,ADEIA INC
ZIP,ZIPRECRUITER INC CLASS A
EVRI,EVERI HOLDINGS INC
ECPG,ENCORE CAPITAL GROUP INC
SSTK,SHUTTERSTOCK INC
UNFI,UNITED NATURAL FOODS INC
WRBY,WARBY PARKER INC CLASS A
KFRC,KFORCE INC
INDI,INDIE SEMICONDUCTOR INC CLASS A
LMAT,LEMAITRE VASCULAR INC
PCT,PURECYCLE TECHNOLOGIES INC
MODN,MODEL N INC
GPRE,GREEN PLAINS INC
DNOW,NOW INC
OEC,ORION SA
EVBG,EVERBRIDGE INC
CMPR,CIMPRESS PLC
OSCR,OSCAR HEALTH INC CLASS A
TVTX,TRAVERE THERAPEUTICS INC
TCBK,TRICO BANCSHARES
EMBC,EMBECTA CORP
GNL,GLOBAL NET LEASE INC
UEC,URANIUM ENERGY CORP
DFIN,DONNELLEY FINANCIAL SOLUTIONS INC
CUBI,CUSTOMERS BANCORP INC
BUSE,FIRST BUSEY CORP
COMP,COMPASS INC CLASS A
OCFC,OCEANFIRST FINANCIAL CORP
UTZ,UTZ BRANDS INC CLASS A
HOPE,HOPE BANCORP INC
ZETA,ZETA GLOBAL HOLDINGS CORP CLASS A
CMCO,COLUMBUS MCKINNON CORP
SASR,SANDY SPRING BANCORP INC
STBA,S AND T BANCORP INC
MBUU,MALIBU BOATS CLASS A INC
IMVT,IMMUNOVANT INC
LILAK,LIBERTY LATIN AMERICA LTD CLASS C
UVV,UNIVERSAL CORP
MFA,MFA FINANCIAL INC
CHGG,CHEGG INC
CXM,SPRINKLR INC CLASS A
ECVT,ECOVYST INC
MD,PEDIATRIX MEDICAL GROUP INC
IMKTA,INGLES MARKETS INC CLASS A
STC,STEWART INFO SERVICES CORP
GOGO,GOGO INC
CVI,CVR ENERGY INC
FBRT,FRANKLIN BSP REALTY TRUST INC
CBAY,CYMABAY THERAPEUTICS INC
DDS,DILLARDS INC CLASS A
CLB,CORE LABORATORIES INC
MED,MEDIFAST INC
HRMY,HARMONY BIOSCIENCES HLDG INC
VIR,VIR BIOTECHNOLOGY INC
ROAD,CONSTRUCTION PARTNERS INC CLASS A
IDYA,IDEAYA BIOSCIENCES INC
HAIN,HAIN CELESTIAL GROUP INC
MNKD,MANNKIND CORP
NSSC,NAPCO SECURITY TECHNOLOGIES INC
MEI,METHODE ELECTRONICS INC
MNRO,MONRO INC
PACW,PACWEST BANCORP
HMN,HORACE MANN EDUCATORS CORP
AMLX,AMYLYX PHARMACEUTICALS INC
AVNS,AVANOS MEDICAL INC
CMTG,CLAROS MORTGAGE TRUST INC
NBR,NABORS INDUSTRIES LTD
TRS,TRIMAS CORP
LPRO,OPEN LENDING CORP
TRUP,TRUPANION INC
ESRT,EMPIRE STATE REALTY REIT INC TRUST
NUVL,NUVALENT INC CLASS A
DDD,3D SYSTEMS CORP
MEG,MONTROSE ENVIRONMENTAL GRP INC
BFH,BREAD FINANCIAL HOLDINGS INC
BKE,BUCKLE INC
ATSG,AIR TRANSPORT SERVICES GROUP INC
FSR,FISKER INC CLASS A
AZZ,AZZ INC
LESL,LESLIES INC
LGND,LIGAND PHARMACEUTICALS INC
AAT,AMERICAN ASSETS TRUST REIT INC
SFL,SFL LTD
CRK,COMSTOCK RESOURCES INC
FLNC,FLUENCE ENERGY INC CLASS A
ASTE,ASTEC INDUSTRIES INC
WMK,WEIS MARKETS INC
CXW,CORECIVIC REIT INC
ARVN,ARVINAS INC
SPHR,SPHERE ENTERTAINMENT CLASS A
NIC,NICOLET BANKSHARES INC
AMSF,AMERISAFE INC
BHVN,BIOHAVEN LTD
RILY,B RILEY FINANCIAL INC
CTKB,CYTEK BIOSCIENCES INC
IRBT,IROBOT CORP
LMND,LEMONADE INC
ATEN,A10 NETWORKS INC
AXL,AMERICAN AXLE AND MANUFACTURING HO
ASIX,ADVANSIX INC
RLAY,RELAY THERAPEUTICS INC
ICHR,ICHOR HOLDINGS LTD
CRNC,CERENCE INC
WNC,WABASH NATIONAL CORP
LBAI,LAKELAND BANCORP INC
NTST,NETSTREIT CORP
PEBO,PEOPLES BANCORP INC
NG,NOVAGOLD RESOURCES INC
APOG,APOGEE ENTERPRISES INC
TMCI,TREACE MEDICAL CONCEPTS INC
HIMS,HIMS HERS HEALTH INC CLASS A
AVTA,AVANTAX INC
RCUS,ARCUS BIOSCIENCES INC
ARR,ARMOUR RESIDENTIAL REIT INC
VBTX,VERITEX HOLDINGS INC
PTGX,PROTAGONIST THERAPEUTICS INC
CIR,CIRCOR INTERNATIONAL INC
WINA,WINMARK CORP
EIG,EMPLOYERS HOLDINGS INC
SLCA,US SILICA HOLDINGS INC
PGRE,PARAMOUNT GROUP REIT INC
NBHC,NATIONAL BANK HOLDINGS CORP CLASS
PUMP,PROPETRO HOLDING CORP
RTL,NECESSITY RETAIL REIT INC CLASS A
NVTS,NAVITAS SEMICONDUCTOR CORP
GPOR,GULFPORT ENERGY CORP
VERV,VERVE THERAPEUTICS INC
ETWO,E2OPEN PARENT HOLDINGS INC CLASS A
EAF,GRAFTECH INTERNATIONAL LTD
SAFT,SAFETY INSURANCE GROUP INC
PLYM,PLYMOUTH INDUSTRIAL REIT INC
BGS,B AND G FOODS INC
TMST,TIMKENSTEEL CORP
CRNX,CRINETICS PHARMACEUTICALS INC
PTLO,PORTILLO S INC CLASS A
FORG,FORGEROCK INC CLASS A
NXRT,NEXPOINT RESIDENTIAL TRUST INC
DEI,DOUGLAS EMMETT REIT INC
OBK,ORIGIN BANCORP INC
YEXT,YEXT INC
AHCO,ADAPTHEALTH CORP
TNK,TEEKAY TANKERS LTD CLASS A
APPS,DIGITAL TURBINE INC
NABL,N ABLE INC
PLL,PIEDMONT LITHIUM INC
WWW,WOLVERINE WORLD WIDE INC
ARGO,ARGO GROUP INTERNATIONAL HOLDINGS
BRSP,BRIGHTSPIRE CAPITAL INC CLASS A
RYI,RYERSON HOLDING CORP
PDM,PIEDMONT OFFICE REALTY TRUST REIT
LFST,LIFESTANCE HEALTH GROUP INC
HCSG,HEALTHCARE SERVICES GROUP INC
OM,OUTSET MEDICAL INC
NMRK,NEWMARK GROUP INC CLASS A
RCKT,ROCKET PHARMACEUTICALS INC
PLRX,PLIANT THERAPEUTICS INC
JBI,JANUS INTERNATIONAL GROUP INC
JBSS,JOHN B SANFILIPPO AND SON INC
SPCE,VIRGIN GALACTIC HOLDINGS INC SHS C
DIN,DINE BRANDS GLOBAL INC
ETNB,89BIO INC
NYMT,NEW YORK MORTGAGE TRUST REIT INC
NWLI,NATIONAL WESTERN LIFE GROUP INC CL
DOLE,DOLE PLC
BHE,BENCHMARK ELECTRONICS INC
INFN,INFINERA CORP
ACCD,ACCOLADE INC
VCTR,VICTORY CAPITAL HOLDINGS CLASS A I
FBMS,FIRST BANCSHARES INC
SBSI,SOUTHSIDE BANCSHARES INC
UDMY,UDEMY INC
BRKL,BROOKLINE BANCORP INC
ARLO,ARLO TECHNOLOGIES INC
MCRI,MONARCH CASINO AND RESORT INC
COMM,COMMSCOPE HOLDING INC
QCRH,QCR HOLDINGS INC
CAL,CALERES INC
MRC,MRC GLOBAL INC
CDE,COEUR MINING INC
BYND,BEYOND MEAT INC
STEM,STEM INC
THR,THERMON GROUP HOLDINGS INC
UUUU,ENERGY FUELS INC
RPT,RPT REALTY
NX,QUANEX BUILDING PRODUCTS CORP
CCF,CHASE CORP
MMI,MARCUS & MILLICHAP INC
FIGS,FIGS INC CLASS A
GOGL,GOLDEN OCEAN GROUP LTD
RGR,STURM RUGER INC
GABC,GERMAN AMERICAN BANCORP INC
CHCT,COMMUNITY HEALTHCARE TRUST INC
FLNG,FLEX LNG LTD
CSR,CENTERSPACE
PRAA,PRA GROUP INC
ADPT,ADAPTIVE BIOTECHNOLOGIES CORP
HOUS,ANYWHERE REAL ESTATE INC
UMH,UMH PROPERTIES INC
PAR,PAR TECHNOLOGY CORP
ESTE,EARTHSTONE ENERGY INC CLASS A
RYTM,RHYTHM PHARMACEUTICALS INC
SHEN,SHENANDOAH TELECOMMUNICATIONS
NXGN,NEXTGEN HEALTHCARE INC
AVPT,AVEPOINT INC CLASS A
EFC,ELLINGTON FINANCIAL INC
FDP,FRESH DEL MONTE PRODUCE INC
OSW,ONESPAWORLD HOLDINGS LTD
HWKN,HAWKINS INC
CCRN,CROSS COUNTRY HEALTHCARE INC
BHLB,BERKSHIRE HILLS BANCORP INC
IE,IVANHOE ELECTRIC INC
LC,LENDINGCLUB CORP
KROS,KEROS THERAPEUTICS INC
SPNT,SIRIUSPOINT LTD
RXST,RXSIGHT INC
GIII,G III APPAREL GROUP LTD
GEO,GEO GROUP REIT INC
WT,WISDOMTREE INC
LPG,DORIAN LPG LTD
MCY,MERCURY GENERAL CORP
SCHN,SCHNITZER STEEL INDUSTRIES INC CLA
GDOT,GREEN DOT CORP CLASS A
VREX,VAREX IMAGING CORP
PRA,PROASSURANCE CORP
USD,USD CASH
ESMT,ENGAGESMART INC
MATV,MATIV HOLDINGS INC
PRM,PERIMETER SOLUTIONS SA
PRLB,PROTO LABS INC
SIBN,SI BONE INC
FA,FIRST ADVANTAGE CORP
DLX,DELUXE CORP
MDXG,MIMEDX GROUP INC
NVRO,NEVRO CORP
SILK,SILK ROAD MEDICAL INC
FCEL,FUELCELL ENERGY INC
PFC,PREMIER FINANCIAL CORP
VTLE,VITAL ENERGY INC
GDEN,GOLDEN ENTERTAINMENT INC
HZO,MARINEMAX INC
TTGT,TECHTARGET INC
IMAX,IMAX CORP
EB,EVENTBRITE CLASS A INC
PRDO,PERDOCEO EDUCATION CORP
COGT,COGENT BIOSCIENCES INC
KYMR,KYMERA THERAPEUTICS INC
AUR,AURORA INNOVATION INC CLASS A
SNBR,SLEEP NUMBER CORP
TMP,TOMPKINS FINANCIAL CORP
DRQ,DRIL QUIP INC
CFFN,CAPITOL FEDERAL FINANCIAL INC
NAT,NORDIC AMERICAN TANKERS LTD
BDN,BRANDYWINE REALTY TRUST REIT
ACT,ENACT HOLDINGS INC
UTL,UNITIL CORP
EGBN,EAGLE BANCORP INC
SAH,SONIC AUTOMOTIVE INC CLASS A
LGF-B,LIONS GATE ENTERTAINMENT NON VOTIN
TELL,TELLURIAN INC
ADMA,ADMA BIOLOGICS INC
BXC,BLUELINX HOLDINGS INC
DRS,LEONARDO DRS INC
BFC,BANK FIRST CORP
SRCE,1ST SOURCE CORP
SPWR,SUNPOWER CORP
LICY,LI CYCLE HOLDINGS CORP
SAVA,CASSAVA SCIENCES INC
CNOB,CONNECTONE BANCORP INC
MTTR,MATTERPORT INC CLASS A
QTRX,QUANTERIX CORP
SPNS,SAPIENS INTERNATIONAL NV
LTH,LIFE TIME GROUP HOLDINGS INC
PUBM,PUBMATIC INC CLASS A
REPL,REPLIMUNE GROUP INC
BZH,BEAZER HOMES INC
PAX,PATRIA INVESTMENTS LTD CLASS A
AVID,AVID TECHNOLOGY INC
AHH,ARMADA HOFFLER PROPERTIES REIT INC
SMP,STANDARD MOTOR PRODUCTS INC
SCSC,SCANSOURCE INC
TDS,TELEPHONE AND DATA SYSTEMS INC
SLP,SIMULATIONS PLUS INC
CLNE,CLEAN ENERGY FUELS CORP
PNT,POINT BIOPHARMA GLOBAL INC
SPTN,SPARTANNASH
RWT,REDWOOD TRUST REIT INC
SP,SP PLUS CORP
CDMO,AVID BIOSERVICES INC
ADTN,ADTRAN HOLDINGS INC
SNCY,SUN COUNTRY AIRLINES HOLDINGS INC
SAFE,SAFEHOLD INC
BANC,BANC OF CALIFORNIA INC
FLGT,FULGENT GENETICS INC
ARCT,ARCTURUS THERAPEUTICS HOLDINGS INC
INVA,INNOVIVA INC
TGI,TRIUMPH GROUP INC
MPLN,MULTIPLAN CORP CLASS A
HCCI,HERITAGE CRYSTAL INC
RVLV,REVOLVE GROUP CLASS A INC
OLO,OLO INC CLASS A
BJRI,BJS RESTAURANTS INC
VRDN,VIRIDIAN THERAPEUTICS ORS INC
GTN,GRAY TELEVISION INC
ARDX,ARDELYX INC
SCS,STEELCASE INC CLASS A
LWLG,LIGHTWAVE LOGIC INC
USNA,USANA HEALTH SCIENCES INC
AMPL,AMPLITUDE INC CLASS A
IMXI,INTERNATIONAL MONEY EXPRESS INC
ATRI,ATRION CORP
AMRK,A MARK PRECIOUS METALS INC
DCOM,DIME COMMUNITY BANCSHARES INC
FNA,PARAGON INC
HTLD,HEARTLAND EXPRESS INC
RGNX,REGENXBIO INC
HCAT,HEALTH CATALYST INC
COLL,COLLEGIUM PHARMACEUTICAL INC
OSBC,OLD SECOND BANCORP INC
COCO,THE VITA COCO COMPANY INC
CRAI,CRA INTERNATIONAL INC
CHUY,CHUYS HOLDINGS INC
MYE,MYERS INDUSTRIES INC
OPK,OPKO HEALTH INC
KOP,KOPPERS HOLDINGS INC
IAS,INTEGRAL AD SCIENCE HOLDING CORP
AOSL,ALPHA AND OMEGA SEMICONDUCTOR LTD
EBIX,EBIX INC
THRY,THRYV HOLDINGS INC
SXC,SUNCOKE ENERGY INC
GSAT,GLOBALSTAR VOTING INC
INBX,INHIBRX INC
CHS,CHICOS FAS INC
KREF,KKR REAL ESTATE FINANCE INC TRUST
NVRI,ENVIRI CORP
SMRT,SMARTRENT INC CLASS A
NHC,NATIONAL HEALTHCARE CORP
VTOL,BRISTOW GROUP INC
HPP,HUDSON PACIFIC PROPERTIES REIT INC
STGW,STAGWELL INC CLASS A
ACHR,ARCHER AVIATION INC CLASS A
FRG,FRANCHISE GROUP INC
SOVO,SOVOS BRANDS INC
WTTR,SELECT WATER SOLUTIONS INC CLASS A
EHAB,ENHABIT INC
NVAX,NOVAVAX INC
PROK,PROKIDNEY CORP CLASS A
BSIG,BRIGHTSPHERE INVESTMENT GROUP INC
GMRE,GLOBAL MEDICAL REIT INC
DX,DYNEX CAPITAL REIT INC
XMTR,XOMETRY INC CLASS A
APLD,APPLIED DIGITAL CORP
OFIX,ORTHOFIX MEDICAL INC
BIGC,BIGCOMMERCE HOLDINGS INC SERIES
ETD,ETHAN ALLEN INTERIORS INC
CRMT,AMERICAS CAR MART INC
CYRX,CRYOPORT INC
RES,RPC INC
PLOW,DOUGLAS DYNAMICS INC
BLFS,BIOLIFE SOLUTIONS INC
DCPH,DECIPHERA PHARMACEUTICALS INC
MIRM,MIRUM PHARMACEUTICALS INC
UHT,UNIVERSAL HEALTH REALTY INCOME TRU
KE,KIMBALL ELECTRONICS INC
SKIN,BEAUTY HEALTH COMPANY CLASS A CLAS
ACRS,ACLARIS THERAPEUTICS INC
RAPT,RAPT THERAPEUTICS INC
RPAY,REPAY HOLDINGS CORP CLASS A
EVLV,EVOLV TECHNOLOGIES HOLDINGS INC CL
AORT,ARTIVION INC
TTEC,TTEC HOLDINGS INC
FMBH,FIRST MID BANCSHARES INC
AMK,ASSETMARK FINANCIAL HOLDINGS INC
ANIP,ANI PHARMACEUTICALS INC
CTBI,COMMUNITY TRUST BANCORP INC
INN,SUMMIT HOTEL PROPERTIES REIT INC
ARKO,ARKO
DCGO,DOCGO INC
UBA,URSTADT BIDDLE PROPERTIES REIT INC
CVGW,CALAVO GROWERS INC
HTBK,HERITAGE COMMERCE CORP
ALKT,ALKAMI TECHNOLOGY INC
MLAB,MESA LABORATORIES INC
JRVR,JAMES RIVER GROUP HOLDINGS LTD
TITN,TITAN MACHINERY INC
TWI,TITAN INTERNATIONAL INC
EWCZ,EUROPEAN WAX CENTER INC CLASS A
CRSR,CORSAIR GAMING INC
KIDS,ORTHOPEDIATRICS CORP
KNTK,KINETIK HOLDINGS INC CLASS A
RNA,AVIDITY BIOSCIENCES INC
PKST,PEAKSTONE REALTY TRUST CLASS E
BBSI,BARRETT BUSINESS SERVICES INC
HFWA,HERITAGE FINANCIAL CORP
KAMN,KAMAN CORP
KURA,KURA ONCOLOGY INC
AMBC,AMBAC FINANCIAL GROUP INC
NRC,NATIONAL RESEARCH CORP
SATS,ECHOSTAR CORP CLASS A
CCSI,CONSENSUS CLOUD SOLUTIONS INC
GES,GUESS INC
LXU,LSB INDUSTRIES INC
TWKS,THOUGHTWORKS HOLDING INC
MVIS,MICROVISION INC
UVSP,UNIVEST FINANCIAL CORP
BLX,BANCO LATINOAMERICANO DE COMERCIO
PL,PLANET LABS CLASS A
LASR,NLIGHT INC
DENN,DENNYS CORP
TRNS,TRANSCAT INC
MTW,MANITOWOC INC
FCBC,FIRST COMMUNITY BANKSHARES INC
TSE,TRINSEO PLC
CEVA,CEVA INC
WASH,WASHINGTON TRUST BANCORP INC
GRC,GORMAN-RUPP
PFBC,PREFERRED BANK
CNDT,CONDUENT INC
DAWN,DAY ONE BIOPHARMACEUTICALS INC
CLFD,CLEARFIELD INC
SBOW,SILVERBOW RESOURCES INC
BRY,BERRY
EGLE,EAGLE BULK SHIPPING INC
REX,REX AMERICAN RESOURCES CORP
ACMR,ACM RESEARCH CLASS A INC
FPI,FARMLAND PARTNERS INC
GOOD,GLADSTONE COMMERCIAL REIT CORP
MBWM,MERCANTILE BANK CORP
MAXN,MAXEON SOLAR TECHNOLOGIES LTD
BKD,BROOKDALE SENIOR LIVING INC
HAYN,HAYNES INTERNATIONAL INC
VTS,VITESSE ENERGY INC
BELFB,BEL FUSE INC CLASS B
CBL,CBL ASSOCIATES PROPERTIES INC
AMTB,AMERANT BANCORP INC CLASS A
ACEL,ACCEL ENTERTAINMENT INC CLASS A
INTA,INTAPP INC
KELYA,KELLY SERVICES INC CLASS A
EDIT,EDITAS MEDICINE INC
VVI,VIAD CORP
MNTK,MONTAUK RENEWABLES INC
RICK,RCI HOSPITALITY HOLDINGS INC
HCKT,HACKETT GROUP INC
WRLD,WORLD ACCEPTANCE CORP
IIIN,INSTEEL INDUSTRIES INC
WW,WW INTERNATIONAL INC
CCO,CLEAR CHANNEL OUTDOOR HOLDINGS INC
HA,HAWAIIAN HOLDINGS INC
VVX,V2X INC
KNSA,KINIKSA PHARMACEUTICALS LTD CLASS
SWBI,SMITH WESSON BRANDS INC
SSP,EW SCRIPPS CLASS A
AMWL,AMERICAN WELL CORP CLASS A
GNK,GENCO SHIPPING AND TRADING LTD
CAC,CAMDEN NATIONAL CORP
NNOX,NANO X IMAGING LTD
ACRE,ARES COMMERCIAL REAL ESTATE REIT C
CDNA,CAREDX INC
MLNK,MERIDIANLINK INC
DFH,DREAM FINDERS HOMES INC CLASS A
BY,BYLINE BANCORP INC
LAND,GLADSTONE LAND REIT CORP
VERA,VERA THERAPEUTICS INC CLASS A
GDYN,GRID DYNAMICS HOLDINGS INC CLASS A
PRME,PRIME MEDICINE INC
TILE,INTERFACE INC
FDMT,4D MOLECULAR THERAPEUTICS INC
STKL,SUNOPTA INC
CRCT,CRICUT INC CLASS A
ACCO,ACCO BRANDS CORP
MODV,MODIVCARE INC
VSEC,VSE CORP
TBPH,THERAVANCE BIOPHARMA INC
EBF,ENNIS INC
NAPA,DUCKHORN PORTFOLIO INC
OSPN,ONESPAN INC
AVO,MISSION PRODUCE INC
HIBB,HIBBETT INC
KRNY,KEARNY FINANCIAL CORP
KRUS,KURA SUSHI USA INC
YORW,YORK WATER
HROW,HARROW HEALTH INC
CNXN,PC CONNECTION INC
PGC,PEAPACK GLADSTONE FINANCIAL CORP
TRST,TRUSTCO BANK CORP
GSBC,GREAT SOUTHERN BANCORP INC
POWL,POWELL INDUSTRIES INC
VMEO,VIMEO INC
HSII,HEIDRICK AND STRUGGLES INTERNATION
CFB,CROSSFIRST BANKSHARES INC
CYH,COMMUNITY HEALTH SYSTEMS INC
IIIV,I3 VERTICALS INC CLASS A
FC,FRANKLIN COVEY
WSR,WHITESTONE REIT
CLW,CLEARWATER PAPER CORP
GLDD,GREAT LAKES DREDGE AND DOCK CORP
BASE,COUCHBASE INC
TRTX,TPG RE FINANCE TRUST INC
DXPE,DXP ENTERPRISES INC
GPRO,GOPRO INC CLASS A
DCO,DUCOMMUN INC
XPER,XPERI INC
AVXL,ANAVEX LIFE SCIENCES CORP
CASS,CASS INFORMATION SYSTEMS INC
ZEUS,OLYMPIC STEEL INC
DHC,DIVERSIFIED HEALTHCARE TRUST
DHIL,DIAMOND HILL INVESTMENT GROUP INC
HBNC,HORIZON BANCORP INC
SWI,SOLARWINDS CORP
DOMO,DOMO INC CLASS B
EQRX,EQRX INC
ASC,ARDMORE SHIPPING CORP
TARS,TARSUS PHARMACEUTICALS INC
RGP,RESOURCES CONNECTION INC
SANA,SANA BIOTECHNOLOGY INC
ATRO,ASTRONICS CORP
SRI,STONERIDGE INC
DH,DEFINITIVE HEALTHCARE CORP CLASS A
FMNB,FARMERS NATIONAL BANC CORP
HAFC,HANMI FINANCIAL CORP
ATEX,ANTERIX INC
CLBK,COLUMBIA FINANCIAL INC
AMOT,ALLIED MOTION TECHNOLOGIES INC
HSTM,HEALTHSTREAM INC
BBUC,BROOKFIELD BUSINESS CORP CLASS A
ARQT,ARCUTIS BIOTHERAPEUTICS INC
TCMD,TACTILE SYSTEMS TECHNOLOGY INC
TTI,TETRA TECHNOLOGIES INC
FOR,FORESTAR GROUP INC
IVR,INVESCO MORTGAGE CAPITAL REIT INC
NFBK,NORTHFIELD BANCORP INC
CCB,COASTAL FINANCIAL CORP
MCFT,MASTERCRAFT BOAT HOLDINGS INC
DBI,DESIGNER BRANDS INC CLASS A
FUBO,FUBOTV INC
VZIO,VIZIO HOLDING CORP CLASS A
CERS,CERUS CORP
DM,DESKTOP METAL INC CLASS A
MBIN,MERCHANTS BANCORP
HY,HYSTER YALE MATERIALS HANDLING INC
MSBI,MIDLAND STATES BANCORP INC
ALHC,ALIGNMENT HEALTHCARE INC
AGEN,AGENUS INC
BALY,BALLY S CORP
ROVR,ROVER GROUP INC CLASS A
MCB,METROPOLITAN BANK HOLDING CORP
THFF,FIRST FINANCIAL CORPORATION INDIAN
UFCS,UNITED FIRE GROUP INC
HVT,HAVERTY FURNITURE COMPANIES INC
FFIC,FLUSHING FINANCIAL CORP
OABI,OMNIAB INC
LYEL,LYELL IMMUNOPHARMA INC
CATC,CAMBRIDGE BANCORP
EGHT,8X8 INC
BFS,SAUL CENTERS REIT INC
INST,INSTRUCTURE HOLDINGS INC
FG,F&G ANNUITIES AND LIFE INC
CRGY,CRESCENT ENERGY CLASS A
HOV,HOVNANIAN ENTERPRISES INC CLASS A
CENX,CENTURY ALUMINUM
CMRE,COSTAMARE INC
AVD,AMER VANGUARD CORP
MRNS,MARINUS PHARMACEUTICALS INC
PBI,PITNEY BOWES INC
SBGI,SINCLAIR INC CLASS A
XPOF,XPONENTIAL FITNESS INC CLASS A
BATRA,ATLANTA BRAVES HOLDINGS INC SERIES
AAN,AARONS COMPANY INC
AGTI,AGILITI INC
ME,23ANDME HOLDING CLASS A
HONE,HARBORONE BANCORP INC
LUNG,PULMONX CORP
TBI,TRUEBLUE INC
OIS,OIL STATES INTERNATIONAL INC
ALX,ALEXANDERS REIT INC
EGY,VAALCO ENERGY INC
SHYF,SHYFT GROUP INC
BFST,BUSINESS FIRST BANCSHARES INC
AMNB,AMERICAN NATIONAL BANKSHARES INC
CCBG,CAPITAL CITY BANK INC
RCEL,AVITA MEDICAL INC
EQBK,EQUITY BANCSHARES INC CLASS A
CLSK,CLEANSPARK INC
PX,P10 INC CLASS A
CVLG,COVENANT LOGISTICS GROUP INC CLASS
IHRT,IHEARTMEDIA INC CLASS A
AGX,ARGAN INC
QNST,QUINSTREET INC
IESC,IES INC
DYN,DYNE THERAPEUTICS INC
PETQ,PETIQ INC CLASS A
SMBC,SOUTHERN MISSOURI BANCORP INC
MBI,MBIA INC
ORGN,ORIGIN MATERIALS INC CLASS A
CLDT,CHATHAM LODGING TRUST REIT
VPG,VISHAY PRECISION GROUP INC
SRDX,SURMODICS INC
CDRE,CADRE HOLDINGS INC
AMPS,ALTUS POWER INC CLASS A
LGF-A,LIONS GATE ENTERTAINMENT VOTING CO
CPF,CENTRAL PACIFIC FINANCIAL CORP
NEWT,NEWTEKONE INC
NRIX,NURIX THERAPEUTICS INC
ORC,ORCHID ISLAND CAPITAL INC
EXFY,EXPENSIFY INC CLASS A
MCBS,METROCITY BANKSHARES INC
CCNE,CNB FINANCIAL CORP
SCVL,SHOE CARNIVAL INC
CTLP,CANTALOUPE INC
MCRB,SERES THERAPEUTICS INC
EVA,ENVIVA INC
CTO,CTO REALTY GROWTH INC
BOC,BOSTON OMAHA CORP CLASS A
CSV,CARRIAGE SERVICES INC
MITK,MITEK SYSTEMS INC
NR,NEWPARK RESOURCES INC
MOV,MOVADO GROUP INC
RBCAA,REPUBLIC BANCORP INC CLASS A
ONEW,ONEWATER MARINE CLASS A INC
RUSHB,RUSH ENTERPRISES INC CLASS B
IBCP,INDEPENDENT BANK CORP
BHB,BAR HARBOR BANKSHARES
SHBI,SHORE BANCSHARES INC
MOFG,MIDWESTONE FINANCIAL GROUP INC
HTBI,HOMETRUST BANCSHARES INC
ELVN,ENLIVEN THERAPEUTICS INC
PLPC,PREFORMED LINE PRODUCTS
PWP,PERELLA WEINBERG PARTNERS CLASS A
MLR,MILLER INDUSTRIES INC
GEVO,GEVO INC
KIND,NEXTDOOR HOLDINGS INC CLASS A
UVE,UNIVERSAL INSURANCE HOLDINGS INC
WOW,WIDEOPENWEST INC
LIND,LINDBLAD EXPEDITIONS HOLDINGS INC
AMAL,AMALGAMATED FINANCIAL
NTGR,NETGEAR INC
EOLS,EVOLUS INC
ONL,ORION OFFICE REIT INC
BVH,BLUEGREEN VACATIONS HOLDING CORP C
TSVT,2SEVENTY BIO INC
REVG,REV GROUP INC
SD,SANDRIDGE ENERGY INC
BMEA,BIOMEA FUSION INC
AMCX,AMC NETWORKS CLASS A INC
WTI,W AND T OFFSHORE INC
HCI,HCI GROUP INC
GEF-B,GREIF INC CLASS B
CARE,CARTER BANKSHARES INC
USLM,UNITED STATES LIME AND MINERALS IN
ASPN,ASPEN AEROGELS INC
DMRC,DIGIMARC CORP
BLUE,BLUEBIRD BIO INC
LOVE,LOVESAC COMPANY
SMBK,SMARTFINANCIAL INC
RMR,RMR GROUP INC CLASS A
SLDP,SOLID POWER INC CLASS A
MYPS,PLAYSTUDIOS INC CLASS A
TPB,TURNING POINT BRANDS INC
ARTNA,ARTESIAN RESOURCES CORP CLASS A
MXCT,MAXCYTE INC
ALEC,ALECTOR INC
CSTL,CASTLE BIOSCIENCES INC
LQDT,LIQUIDITY SERVICES INC
TK,TEEKAY CORP
GCI,GANNETT CO INC
ALLO,ALLOGENE THERAPEUTICS INC
SFIX,STITCH FIX INC CLASS A
NBN,NORTHEAST BANK
TH,TARGET HOSPITALITY CORP
ATNI,ATN INTERNATIONAL INC
SGHC,SUPER GROUP LTD
NPK,NATIONAL PRESTO INDUSTRIES INC
SHCR,SHARECARE INC CLASS A
GIC,GLOBAL INDUSTRIAL
OPI,OFFICE PROPERTIES INCOME TRUST
BMRC,BANK OF MARIN BANCORP
FFWM,FIRST FOUNDATION INC
ZYME,ZYMEWORKS INC
MPB,MID PENN BANCORP INC
HDSN,HUDSON TECHNOLOGIES INC
CENT,CENTRAL GARDEN AND PET
AMRX,AMNEAL PHARMACEUTICALS INC CLASS A
PSFE,PAYSAFE LTD
NVEC,NVE CORP
EE,EXCELERATE ENERGY INC CLASS A
CTOS,CUSTOM TRUCK ONE SOURCE INC
MOND,MONDEE HOLDINGS INC CLASS A
ALRS,ALERUS FINANCIAL CORP
CRBU,CARIBOU BIOSCIENCES INC
NRDS,NERDWALLET INC CLASS A
FORR,FORRESTER RESEARCH INC
RMAX,RE MAX HOLDINGS INC CLASS A
TPC,TUTOR PERINI CORP
UIS,UNISYS CORP
ALPN,ALPINE IMMUNE SCIENCES INC
ARAY,ACCURAY INC
PLCE,CHILDRENS PLACE INC
ENTA,ENANTA PHARMACEUTICALS INC
WEAV,WEAVE COMMUNICATIONS INC
TIPT,TIPTREE INC
FRPH,FRP HOLDINGS INC
SMR,NUSCALE POWER CORP CLASS A
ASLE,AERSALE CORP
WTBA,WEST BANCORPORATION INC
MCS,THE MARCUS CORP
PTVE,PACTIV EVERGREEN INC
ESQ,ESQUIRE FINANCIAL HOLDINGS INC
ANIK,ANIKA THERAPEUTICS INC
IRON,DISC MEDICINE INC
HIFS,HINGHAM INSTITUTION FOR SAVINGS
SES,SES AI CORP CLASS A
QUOT,QUOTIENT TECHNOLOGY INC
LEU,CENTRUS ENERGY CORP CLASS A
CHRS,COHERUS BIOSCIENCES INC
BLBD,BLUE BIRD CORP
FLIC,FIRST OF LONG ISLAND CORP
IAUX,I GOLD CORP
FATE,FATE THERAPEUTICS INC
NVTA,INVITAE CORP
EBS,EMERGENT BIOSOLUTIONS INC
ULCC,FRONTIER GROUP HOLDINGS INC
DJCO,DAILY JOURNAL CORP
VNDA,VANDA PHARMACEUTICALS INC
NXDT,NEXPOINT DIVERSIFIED REAL ESTATE C
CZNC,CITIZENS AND NORTHERN CORP
BSRR,SIERRA BANCORP
IDT,IDT CORP CLASS B
PFIS,PEOPLES FINANCIAL SERVICES CORP
OLP,ONE LIBERTY PROPERTIES REIT INC
BOOM,DMC GLOBAL INC
CDLX,CARDLYTICS INC
PHAT,PHATHOM PHARMACEUTICALS INC
LQDA,LIQUIDIA CORP
URGN,UROGEN PHARMA LTD
CPSI,COMPUTER PROGRAMS AND SYSTEMS INC
OOMA,OOMA INC
TSP,TUSIMPLE HOLDINGS INC CLASS A
CECO,CECO ENVIRONMENTAL CORP
ALDX,ALDEYRA THERAPEUTICS INC
TRC,TEJON RANCH
OSUR,ORASURE TECHNOLOGIES INC
TRDA,ENTRADA THERAPEUTICS INC
AROW,ARROW FINANCIAL CORP
BV,BRIGHTVIEW HOLDINGS INC
AMSWA,AMERICAN SOFTWARE INC CLASS A
OCUL,OCULAR THERAPEUTIX INC
SPFI,SOUTH PLAINS FINANCIAL INC
VITL,VITAL FARMS INC
SLGC,SOMALOGIC INC CLASS A
BOWL,BOWLERO CORP CLASS A
KODK,EASTMAN KODAK
LXFR,LUXFER HOLDINGS PLC
AXGN,AXOGEN INC
FSBC,FIVE STAR BANCORP
ITOS,ITEOS THERAPEUTICS INC
CSTR,CAPSTAR FINANCIAL HOLDINGS INC
SCLX,SCILEX HOLDING
MVBF,MVB FINANCIAL CORP
BAND,BANDWIDTH INC CLASS A
GCO,GENESCO INC
VTNR,VERTEX ENERGY INC
ZIMV,ZIMVIE INC
ANGO,ANGIODYNAMICS INC
PNTG,PENNANT GROUP INC
CVGI,COMMERCIAL VEHICLE GROUP INC
BHRB,BURKE HERBERT FINANCIAL SERVICES T
SEMR,SEMRUSH HOLDINGS INC CLASS A
AURA,AURA BIOSCIENCES INC
ANAB,ANAPTYSBIO INC
FARO,FARO TECHNOLOGIES INC
FMAO,FARMERS AND MERCHANTS BANCORP INC
CIVB,CIVISTA BANCSHARES INC
EU,ENCORE ENERGY CORP
GCMG,GCM GROSVENOR INC CLASS A
BFLY,BUTTERFLY NETWORK INC CLASS A
HLVX,HILLEVAX INC
GPMT,GRANITE POINT MORTGAGE TRUST INC
ARIS,ARIS WATER SOLUTIONS INC CLASS A
SOUN,SOUNDHOUND AI INC CLASS A
NETI,ENETI INC
BBW,BUILD A BEAR WORKSHOP INC
CUTR,CUTERA INC
VUZI,VUZIX CORP
CANO,CANO HEALTH INC CLASS A
LILA,LIBERTY LATIN AMERICA LTD CLASS A
BWMN,BOWMAN CONSULTING GROUP LTD
ZUMZ,ZUMIEZ INC
FIP,FTAI INFRASTRUCTURE INC
REPX,RILEY EXPLORATION PERMIAN INC
BW,BABCOCK AND WILCOX ENTERPRISES INC
AESI,ATLAS ENERGY SOLUTIONS INC CLASS A
LPSN,LIVEPERSON INC
ORIC,ORIC PHARMACEUTICALS INC
ALTG,ALTA EQUIPMENT GROUP INC CLASS A
ONTF,ON24 INC
QSI,QUANTUM SI INC CLASS A
LYTS,LSI INDUSTRIES INC
JOUT,JOHNSON OUTDOORS INC CLASS A
DSKE,DASEKE INC
ACDC,PROFRAC HOLDING CLASS A CORP
EVGO,EVGO INC CLASS A
PTRA,PROTERRA INC
HLLY,HOLLEY INC
WEST,WESTROCK COFFEE
ODC,OIL DRI CORPORATION OF AMERICA
BIG,BIG LOTS INC
TWOU,2U INC
XERS,XERIS BIOPHARMA HOLDINGS INC
PETS,PETMED EXPRESS INC
RYAM,RAYONIER ADVANCED MATERIALS INC
EBTC,ENTERPRISE BANCORP INC
NWPX,NORTHWEST PIPE
IPI,INTREPID POTASH INC
STER,STERLING CHECK CORP
CABA,CABALETTA BIO INC
TARO,TARO PHARMACEUTICAL INDUSTRIES LTD
SMMF,SUMMIT FINANCIAL GROUP INC
ALLK,ALLAKOS INC
SOI,SOLARIS OILFIELD INFRASTRUCTURE IN
IRMD,IRADIMED CORP
NRGV,ENERGY VAULT HOLDINGS INC
FRGE,FORGE GLOBAL HOLDINGS INC
OFLX,OMEGA FLEX INC
GNTY,GUARANTY BANCSHARES INC
WSBF,WATERSTONE FINANCIAL INC
DXLG,DESTINATION XL GROUP INC
PSTL,POSTAL REALTY TRUST INC CLASS A
SEER,SEER INC CLASS A
FISI,FINANCIAL INSTITUTIONS INC
TERN,TERNS PHARMACEUTICALS INC
BTBT,BIT DIGITAL INC
UTMD,UTAH MEDICAL PRODUCTS INC
ORGO,ORGANOGENESIS HOLDINGS INC CLASS A
BLNK,BLINK CHARGING
FNLC,FIRST BANCORP INC
TCX,TUCOWS INC
PAHC,PHIBRO ANIMAL HEALTH CORP CLASS A
EOSE,EOS ENERGY ENTERPRISES INC CLASS A
FBIZ,FIRST BUSINESS FINANCIAL SERVICES
HBCP,HOME BANCORP INC
INOD,INNODATA INC
BLFY,BLUE FOUNDRY BANCORP
HBT,HBT FINANCIAL INC
EYPT,EYEPOINT PHARMACEUTICALS INC
RBBN,RIBBON COMMUNICATIONS INC
ENFN,ENFUSION INC CLASS A
ACNB,ACNB CORP
REI,RING ENERGY INC
PKE,PARK AEROSPACE CORP
CWCO,CONSOLIDATED WATER LTD
ASRT,ASSERTIO HOLDINGS INC
TPIC,TPI COMPOSITES INC
LOCO,EL POLLO LOCO INC
FF,FUTUREFUEL CORP
CZFS,CITIZENS FINANCIAL SERVICES INC
MCBC,MACATAWA BANK CORP
EWTX,EDGEWISE THERAPEUTICS INC
RM,REGIONAL MANAGEMENT CORP
SCU,SCULPTOR CAPITAL MANAGEMENT INC CL
EVC,ENTRAVISION COMMUNICATIONS CORP CL
MVST,MICROVAST HOLDINGS INC
SKWD,SKYWARD SPECIALTY INSURANCE GROUP
MGNX,MACROGENICS INC
CMTL,COMTECH TELECOMMUNICATIONS CORP
EPM,EVOLUTION PETROLEUM CORP
STRO,SUTRO BIOPHARMA INC
FRBA,FIRST BANK
ORRF,ORRSTOWN FINANCIAL SERVICES INC
CNSL,CONSOLIDATED COMMUNICATIONS HOLDIN
INSE,INSPIRED ENTERTAINMENT INC
PACK,RANPAK HOLDINGS CORP CLASS A
RBB,RBB BANCORP
RLGT,RADIANT LOGISTIC INC
FRST,PRIMIS FINANCIAL CORP
SFST,SOUTHERN FIRST BANCSHARES INC
VYGR,VOYAGER THERAPEUTICS INC
NRDY,NERDY INC CLASS A
EVCM,EVERCOMMERCE INC
TCBX,THIRD COAST BANCSHARES INC
IBRX,IMMUNITYBIO INC
VMD,VIEMED HEALTHCARE INC
OMER,OMEROS CORP
LUNA,LUNA INNOVATIONS INC
PRTS,CARPARTS COM INC
DAKT,DAKTRONICS INC
ABUS,ARBUTUS BIOPHARMA CORP
HYLN,HYLIION HOLDINGS CORP CLASS A
ICPT,INTERCEPT PHARMACEUTICALS INC
BCML,BAYCOM CORP
BWB,BRIDGEWATER BANCSHARES INC
FNKO,FUNKO INC CLASS A
AVIR,ATEA PHARMACEUTICALS INC
FWRG,FIRST WATCH RESTAURANT GROUP INC
PMVP,PMV PHARMACEUTICALS INC
AMPY,AMPLIFY ENERGY CORP
GLRE,GREENLIGHT CAPITAL LTD CLASS A
DSGR,DISTRIBUTION SOLUTIONS GROUP INC
BRT,BRT APARTMENTS CORP
AVNW,AVIAT NETWORKS INC
SMHI,SEACOR MARINE HOLDINGS INC
OTLK,OUTLOOK THERAPEUTICS INC
DNMR,DANIMER SCIENTIFIC INC CLASS A
CIO,CITY OFFICE REIT INC
SVRA,SAVARA INC
FTCI,FTC SOLAR INC
CDXS,CODEXIS INC
ASTS,AST SPACEMOBILE INC CLASS A
SLQT,SELECTQUOTE INC
TREE,LENDINGTREE INC
REFI,CHICAGO ATLANTIC REAL ESTATE FINAN
BHR,BRAEMAR HOTELS RESORTS INC
OPRX,OPTIMIZERX CORP
CLAR,CLARUS CORP
NUVB,NUVATION BIO INC CLASS A
GBIO,GENERATION BIO
GCBC,GREENE COUNTY BANCORP INC
PCYO,PURE CYCLE CORP
GNE,GENIE ENERGY LTD CLASS B
TDUP,THREDUP INC CLASS A
WLDN,WILLDAN GROUP INC
RRBI,RED RIVER BANCSHARES INC
CGEM,CULLINAN ONCOLOGY INC
DSGN,DESIGN THERAPEUTICS INC
KALV,KALVISTA PHARMACEUTICALS INC
YMAB,Y MABS THERAPEUTICS INC
SIGA,SIGA TECHNOLOGIES INC
SCPH,SCPHARMACEUTICALS INC
DGICA,DONEGAL GROUP INC CLASS A
AGS,PLAYAGS INC
BHIL,BENSON HILL INC
BGFV,BIG SPORTING GOODS CORP
RSI,RUSH STREET INTERACTIVE INC CLASS
BCBP,BCB BANCORP INC
UNTY,UNITY BANCORP INC
KRO,KRONOS WORLDWIDE INC
RRGB,RED ROBIN GOURMET BURGERS INC
AFCG,AFC GAMMA INC
BLDE,BLADE AIR MOBILITY INC CLASS A
SMMT,SUMMIT THERAPEUTICS INC
JMSB,JOHN MARSHALL BANCORP INC
ADV,ADVANTAGE SOLUTIONS INC CLASS A
TSBK,TIMBERLAND BANCORP INC
BKSY,BLACKSKY TECHNOLOGY INC CLASS A
RDVT,RED VIOLET INC
NSTG,NANOSTRING TECHNOLOGIES INC
SPOK,SPOK HOLDINGS INC
ICVX,ICOSAVAX INC
LAW,CS DISCO INC
PBPB,POTBELLY CORP
PKBK,PARKE BANCORP INC
HT,HERSHA HOSPITALITY REIT TRUST CLAS
FET,FORUM ENERGY TECHNOLOGIES INC
SB,SAFE BULKERS INC
GRND,GRINDR CORP
OLMA,OLEMA PHARMACEUTICALS INC
OCN,OCWEN FINANCIAL CORP
LMB,LIMBACH HOLDINGS INC
LMNR,LIMONEIRA
GRWG,GROWGENERATION CORP
FDBC,FIDELITY D AND D BANCORP INC
CBAN,COLONY BANKCORP INC
UTI,UNIVERSAL TECHNICAL INSTITUTE INC
JANX,JANUX THERAPEUTICS INC
WVE,WAVE LIFE SCIENCES LTD
ULH,UNIVERSAL LOGISTICS INC
RIGL,RIGEL PHARMACEUTICALS INC
TNYA,TENAYA THERAPEUTICS INC
PINE,ALPINE INCOME PROPERTY TRUST INC
HMST,HOMESTREET INC
NWFL,NORWOOD FINANCIAL CORP
INTT,INTEST CORP
STHO,STAR HOLDINGS SHARES OF BENEFICIAL
CMPX,COMPASS THERAPEUTICS
SPWH,SPORTSMANS WAREHOUSE HOLDINGS INC
PANL,PANGAEA LOGISTICS SOLUTIONS LTD
OSG,OVERSEAS SHIPHOLDING GROUP INC CLA
GLUE,MONTE ROSA THERAPEUTICS INC
MAX,MEDIAALPHA INC CLASS A
PCB,PCB BANCORP
XFOR,X4 PHARMACEUTICALS INC
NOTE,FISCALNOTE HOLDINGS INC CLASS A
SEAT,VIVID SEATS INC CLASS A
FVCB,FVCBANKCORP INC
ERAS,ERASCA INC
IBEX,IBEX LTD
OBT,ORANGE COUNTY BANCORP INC
ATXS,ASTRIA THERAPEUTICS INC
LEGH,LEGACY HOUSING CORP
FLL,FULL HOUSE RESORTS INC
CBNK,CAPITAL BANCORP INC
FLWS,1-800 FLOWERS.COM INC CLASS A
POWW,AMMO INC
WULF,TERAWULF INC
SSTI,SOUNDTHINKING INC
METCV,RAMACO RESOURCES INC CLASS A
OB,OUTBRAIN INC
WKHS,WORKHORSE GROUP INC
TRUE,TRUECAR INC
HFFG,HF FOODS GROUP INC
ATLC,ATLANTICUS HOLDINGS CORP
GBTG,GLOBAL BUSINESS TRAVEL GROUP INC C
HOFT,HOOKER FURNISHINGS CORP
PRPL,PURPLE INNOVATION INC
CNTY,CENTURY CASINOS INC
RXT,RACKSPACE TECHNOLOGY INC
MLYS,MINERALYS THERAPEUTICS INC
HIPO,HIPPO HOLDINGS INC
CLMB,CLIMB GLOBAL SOLUTIONS INC
BBCP,CONCRETE PUMPING HOLDINGS INC
VLGEA,VILLAGE SUPER MARKET INC CLASS A
JYNT,JOINT CORP
CMBM,CAMBIUM NETWORKS CORP
MBCN,MIDDLEFIELD BANC CORP
BWFG,BANKWELL FINANCIAL GROUP INC
EGRX,EAGLE PHARMACEUTICALS INC
ITIC,INVESTORS TITLE
ALCO,ALICO INC
SAMG,SILVERCREST ASSET MANAGEMENT GROUP
ZYXI,ZYNEX INC
MGTX,MEIRAGTX HOLDINGS PLC
LBC,LUTHER BURBANK CORP
KPTI,KARYOPHARM THERAPEUTICS INC
CVRX,CVRX INC
AMRS,AMYRIS INC
EHTH,EHEALTH INC
WISH,CONTEXTLOGIC INC CLASS A
SRRK,SCHOLAR ROCK HOLDING CORP
TAST,CARROLS RESTAURANT GROUP INC
INGN,INOGEN INC
TTSH,TILE SHOP HOLDINGS INC
QUAD,QUAD GRAPHICS INC CLASS A
CVLY,CODORUS VALLEY BANCORP INC
NECB,NORTHEAST COMMUNITY BANCORP INC
DOUG,DOUGLAS ELLIMAN INC
HNRG,HALLADOR ENERGY
OVID,OVID THERAPEUTICS INC
ASUR,ASURE SOFTWARE INC
BTAI,BIOXCEL THERAPEUTICS INC
III,INFORMATION SERVICES GROUP INC
MYFW,FIRST WESTERN FINANCIAL INC
TYRA,TYRA BIOSCIENCES INC
QIPT,QUIPT HOME MEDICAL CORP
PDLB,PONCE FINANCIAL GROUP INC
IMRX,IMMUNEERING CORP CLASS A
SGMO,SANGAMO THERAPEUTICS INC
VLD,VELO3D INC
ATRA,ATARA BIOTHERAPEUTICS INC
ATNM,ACTINIUM PHARMACEUTICALS INC
TG,TREDEGAR CORP
RLYB,RALLYBIO CORP
FHTX,FOGHORN THERAPEUTICS
SNPO,SNAP ONE HOLDINGS CORP
SGHT,SIGHT SCIENCES INC
HUMA,HUMACYTE INC
BRBS,BLUE RIDGE BANKSHARES INC
LXRX,LEXICON PHARMACEUTICALS INC
INZY,INOZYME PHARMA INC
PFMT,PERFORMANT FINANCIAL CORP
STOK,STOKE THERAPEUTICS INC
CMAX,CAREMAX INC CLASS A
CRMD,CORMEDIX INC
PTSI,PAM TRANSPORTATION SERVICES INC
TLYS,TILLYS INC CLASS A
HBIO,HARVARD BIOSCIENCE INC
HRT,HIRERIGHT HOLDINGS CORP
FSBW,FS BANCORP INC
ATOM,ATOMERA INC
GWH,ESS TECH INC
ATLO,AMES NATIONAL CORP
NATH,NATHANS FAMOUS INC
NN,NEXTNAV INC
BRCC,BRC INC CLASS A
NATR,NATURES SUNSHINE PRODUCTS INC
NEXT,NEXTDECADE CORP
PLBC,PLUMAS BANCORP
HEAR,TURTLE BEACH CORP
VRA,VERA BRADLEY INC
FGEN,FIBROGEN INC
PGEN,PRECIGEN INC
GRTS,GRITSTONE BIO INC
AKTS,AKOUSTIS TECHNOLOGIES INC
AVTE,AEROVATE THERAPEUTICS INC
BCOV,BRIGHTCOVE INC
SWIM,LATHAM GROUP INC
NREF,NEXPOINT REAL ESTATE FINANCE INC
SENEA,SENECA FOODS CORP CLASS A
DHX,DHI GROUP INC
HRTX,HERON THERAPEUTICS INC
CFFI,C AND F FINANCIAL CORP
EVBN,EVANS BANCORP INC
STRS,STRATUS PROPERTIES INC
GWRS,GLOBAL WATER RESOURCES INC
CIFR,CIPHER MINING INC
LCTX,LINEAGE CELL THERAPEUTICS INC
CDZI,CADIZ INC
NDLS,NOODLES CLASS A
RCKY,ROCKY BRANDS INC
VABK,VIRGINIA NATIONAL BANKSHARES CORP
CARM,CARISMA THERAPEUTICS INC
CELC,CELCUITY INC
BARK,BARK INC
INFU,INFUSYSTEM HOLDINGS INC
CARA,CARA THERAPEUTICS INC
KZR,KEZAR LIFE SCIENCES INC
SKYT,SKYWATER TECHNOLOGY INC
GRNT,GRANITE RIDGE RESOURCES INC
NAUT,NAUTILUS BIOTECHNOLGY INC
BIRD,ALLBIRDS INC CLASS A
KLTR,KALTURA INC
STKS,ONE GROUP HOSPITALITY INC
ZVRA,ZEVRA THERAPEUTICS INC
OVLY,OAK VALLEY BANCORP
CMCL,CALEDONIA MINING PLC
CATO,CATO CORP CLASS A
SPRY,ARS PHARMACEUTICALS INC
CVCY,CENTRAL VALLEY COMMUNITY BANCORP
NKSH,NATIONAL BANKSHARES INC
COOK,TRAEGER INC
DC,DAKOTA GOLD CORP
NC,NACCO INDUSTRIES INC CLASS A
COFS,CHOICEONE FINANCIAL SERVICES INC
RELL,RICHARDSON ELECTRONICS LTD
EVEX,EVE HOLDING INC
ALT,ALTIMMUNE INC
BH,BIGLARI HOLDINGS INCINARY CLASS B
EGAN,EGAIN CORP
PKOH,PARK OHIO HOLDINGS CORP
MASS,908 DEVICES
GLT,GLATFELTER CORP
TIO,TINGO GROUP INC
LNZA,LANZATECH GLOBAL INC
HPK,HIGHPEAK ENERGY INC
SSBK,SOUTHERN STATES BANCSHARES ANNISTO
CRD-A,CRAWFORD CLASS A
ACTG,ACACIA RESEARCH CORP
WEYS,WEYCO GROUP INC
CHMG,CHEMUNG FINANCIAL CORP
LCNB,LCNB CORP
FEAM,5E ADVANCED MATERIALS INC
ANNX,ANNEXON INC
MG,MISTRAS GROUP INC
SMTI,SANARA MEDTECH INC
IMMR,IMMERSION CORP
PDSB,PDS BIOTECHNOLOGY CORP
EVER,EVERQUOTE INC CLASS A
INNV,INNOVAGE HOLDING CORP
CMT,CORE MOLDING TECHNOLOGIES INC
LE,LAND END INC
TELA,TELA BIO INC
PWOD,PENNS WOODS BANCORP INC
FOSL,FOSSIL GROUP INC
CCRD,CORECARD CORP
RGCO,RGC RESOURCES INC
TNGX,TANGO THERAPEUTICS INC
KLXE,KLX ENERGY SERVICES HOLDINGS INC
CTXR,CITIUS PHARMACEUTICALS INC
MPX,MARINE PRODUCTS CORP
USCB,USCB FINANCIAL HOLDINGS INC CLASS
AOMR,ANGEL OAK MORTGAGE REIT INC
ALTI,ALTI GLOBAL INC CLASS A
CLPT,CLEARPOINT NEURO INC
FENC,FENNEC PHARMACEUTICALS INC
CRGE,CHARGE ENTERPRISES INC
MEC,MAYVILLE ENGINEERING COMPANY INC
ALXO,ALX ONCOLOGY HOLDINGS INC
ITI,ITERIS INC
AKYA,AKOYA BIOSCIENCES INC
BPRN,PRINCETON BANCORP INC
LLAP,TERRAN ORBITAL CORP
IGMS,IGM BIOSCIENCES INC
ESSA,ESSA BANCORP INC
CPSS,CONSUMER PORTFOLIO SERVICES INC
ALVR,ALLOVIR INC
LINC,LINCOLN EDUCATIONAL SERVICES CORP
DTC,SOLO BRANDS INC CLASS A
BCAB,BIOATLA INC
FCCO,FIRST COMMUNITY CORP
PPTA,PERPETUA RESOURCES CORP
NODK,NI HOLDINGS INC
LSEA,LANDSEA HOMES CORP
MHLD,MAIDEN HOLDINGS LTD
GENC,GENCOR INDUSTRIES INC
RNGR,RANGER ENERGY SERVICES INC
PBFS,PIONEER BANCORP INC
VERI,VERITONE INC
LAZY,LAZYDAYS HOLDINGS INC
CUE,CUE BIOPHARMA INC
BKKT,BAKKT HOLDINGS INC CLASS A
RBOT,VICARIOUS SURGICAL INC CLASS A
MACK,MERRIMACK PHARMACEUTICALS INC
THRD,THIRD HARMONIC BIO INC
HQI,HIREQUEST INC
SBT,STERLING BANCORP INC
VOXX,VOXX INTERNATIONAL CORP CLASS A
TSQ,TOWNSQUARE MEDIA INC CLASS A
RMNI,RIMINI STREET INC
SELB,SELECTA BIOSCIENCES INC
JAKK,JAKKS PACIFIC INC
GAMB,GAMBLING COM GROUP LTD
HSHP,HIMALAYA SHIPPING LTD
NGVC,NATURAL GROCERS BY VITAMIN COTTAGE
PSTX,POSEIDA THERAPEUTICS INC
VEL,VELOCITY FINANCIAL INC
SKIL,SKILLSOFT CORP CLASS A
AEVA,AEVA TECHNOLOGIES INC
SMLR,SEMLER SCIENTIFIC INC
MNSB,MAINSTREET BANCSHARES INC
RSVR,RESERVOIR MEDIA INC
KVHI,KVH INDUSTRIES INC
MRSN,MERSANA THERAPEUTICS INC
IKNA,IKENA ONCOLOGY INC
ACRV,ACRIVON THERAPEUTICS INC
ESCA,ESCALADE INC
FRGI,FIESTA RESTAURANT GROUP INC
SCWO,374WATER INC
NGM,NGM BIOPHARMACEUTICALS INC
OMGA,OMEGA THERAPEUTICS INC
VIGL,VIGIL NEUROSCIENCE INC
CMPO,COMPOSECURE INC CLASS A
VRCA,VERRICA PHARMACEUTICALS INC
AIRS,AIRSCULPT TECHNOLOGIES INC
LVWR,LIVEWIRE GROUP INC
EVI,EVI INDUSTRIES INC
PLSE,PULSE BIOSCIENCES INC
TUSK,MAMMOTH ENERGY SERVICES INC
KOD,KODIAK SCIENCES INC
XOMA,XOMA CORP
VOR,VOR BIOPHARMA INC
KRT,KARAT PACKAGING INC
LBPH,LONGBOARD PHARMACEUTICALS INC
SKYX,SKYX PLATFORMS CORP
WLLAW,CHORD ENERGY EQUITY WARRANTS EXP S
EP,EMPIRE PETROLEUM CORP
WLFC,WILLIS LEASE FINANCE CORP
TRVI,TREVI THERAPEUTICS INC
VAXX,VAXXINITY INC CLASS A
FOA,FINANCE OF AMERICA COMPANIES INC C
CLPR,CLIPPER REALTY INC
DLTH,DULUTH HOLDINGS INC CLASS B
PMTS,CPI CARD GROUP INC
PLX,PROTALIX BIOTHERAPEUTICS INC
AADI,AADI BIOSCIENCE INC
RENT,RENT THE RUNWAY INC CLASS A
PLM,POLYMET MINING CORP
AVAH,AVEANNA HEALTHCARE HOLDINGS INC
XAIR,BEYOND AIR INC
NRIM,NORTHRIM BANCORP INC
DZSI,DZS INC
NVCT,NUVECTIS PHARMA INC
SNFCA,SECURITY NATIONAL FINANCIAL CORP C
UIHC,UNITED INSURANCE HOLDINGS CORP
PIII,P3 HEALTH PARTNERS INC CLASS A
LPTV,LOOP MEDIA INC
WALD,WALDENCAST PLC CLASS A
THRN,THORNE HEALTHTECH INC
VATE,INNOVATE CORP
ACET,ADICET BIO INC
BTMD,BIOTE CORP CLASS A
TGAN,TRANSPHORM INC
MLP,MAUI LAND AND PINEAPPLE INC
OPTN,OPTINOSE INC
IVAC,INTEVAC INC
JILL,J JILL INC
IPSC,CENTURY THERAPEUTICS INC
THRX,THESEUS PHARMACEUTICALS INC
LRMR,LARIMAR THERAPEUTICS INC
BSVN,BANK7 CORP
SST,SYSTEM1 INC CLASS A
GOCO,GOHEALTH INC CLASS A
GNLX,GENELUX CORP
KRMD,KORU MEDICAL SYSTEMS INC
NKTX,NKARTA INC
EEX,EMERALD HOLDING INC
LVOX,LIVEVOX HOLDING INC CLASS A
VALU,VALUE LINE INC
PEPG,PEPGEN INC
DSP,VIANT TECHNOLOGY INC CLASS A
ZVIA,ZEVIA CLASS A
METCB,RAMACO RESOURCES INC CLASS B
KFS,KINGSWAY FINANCIAL SERVICES INC
GRPH,GRAPHITE BIO INC
RPHM,RENEO PHARMACEUTICALS INC
MKTW,MARKETWISE INC CLASS A
BBAI,BIGBEAR.AI HOLDINGS INC
CTGO,CONTANGO ORE INC
UONEK,URBAN ONE INC CLASS D
PAYS,PAYSIGN INC
NL,NL INDUSTRIES INC
EYEN,EYENOVIA INC
CPS,COOPER STANDARD HOLDINGS INC
ZURA,ZURA BIO LTD CLASS A
UHG,UNITED HOMES INC CLASS A
UONE,URBAN ONE INC CLASS A
VHI,VALHI INC
RDW,REDWIRE CORP
OCEA,OCEAN BIOMEDICAL INC
CURV,TORRID HOLDINGS INC
PNRG,PRIMEENERGY RESOURCES CORP
BGXX,BRIGHT GREEN CORP
AMPX,AMPRIUS TECHNOLOGIES INC
DFLI,DRAGONFLY ENERGY HOLDINGS CORP
PRLD,PRELUDE THERAPEUTICS INC
PRST,PRESTO AUTOMATION INC
WLLBW,CHORD ENERGY EQUITY WARRANTS SERIE
CIX,COMPX INTERNATIONAL INC
ELA,ENVELA CORP
OPFI,OPPFI INC CLASS A
TCI,TRANSCONTINENTAL REALTY INVESTORS
HMPT,HOME POINT CAPITAL INC
RAIN,RAIN ONCOLOGY INC
SWKH,SWK HOLDINGS CORP
PRTH,PRIORITY TECHNOLOGY HOLDINGS INC
ARL,AMERICAN REALTY INVESTORS INC
AFRI,FORAFRIC GLOBAL PLC
VGAS,VERDE CLEAN FUELS INC CLASS A
OBIO,ORCHESTRA BIOMED HOLDINGS INC
BBLNF,BABYLON HOLDINGS LTD CLASS A
LOCL,LOCAL BOUNTI CORP
